{
  "CA": 0.0825,
  "NY": 0.08875,
  "TX": 0.0819,
  "FL": 0.07,
  "IL": 0.1025,
  "PA": 0.06,
  "OH": 0.0575,
  "GA": 0.07,
  "NC": 0.0475,
  "VA": 0.053,
  "WA": 0.065,
  "MA": 0.0625,
  "NJ": 0.06625,
  "MI": 0.06,
  "CO": 0.029,
  "AZ": 0.0827,
  "TN": 0.07,
  "IN": 0.07,
  "MO": 0.04225,
  "MD": 0.06
} 